date,ibved,cpi,oil_price,rate,exchange_rate,m2,us_cpi,PMI,unemployment,gdp
2004-01-01,NA,NA,NA,NA,NA,NA,NA,NA,NA,NA
2004-02-01,-0.014928038148637857,0.006538342525182372,-0.0543574232699332,-0.060334563864822166,-0.0051003050539085715,0.050581160171686346,0,NA,0.0211199534531199,NA
2004-03-01,0.009583685475667458,0.0068110381013331,0.05027868638109845,0,8.261241520797213e-4,0.038054068601076185,0.010000000000000009,NA,-0.03082145988781604,NA
2004-04-01,0.009048166837987592,0.01006197857069746,-0.06521485700815821,0,-6.740271322275282e-4,0.019995659331373483,0,NA,-0.037825347259660136,NA
2004-05-01,0.003045453001756515,0.008749116006055102,0.10235514389950562,0,0.0029422594967316584,0.020881112966341764,0,NA,-0.02916346286961713,NA
2004-06-01,-4.899730194685148e-6,0.009650099994717776,-0.07979482526174031,-0.038173547142857145,-0.0024718650885808824,0.014072320300368535,0,NA,-0.0053506947500858715,NA
2004-07-01,0.001260830677427327,0.010877124787510795,0.10372583256187062,-0.03457486970433066,-5.595941452821718e-4,0.024863359789507378,0.00990099009900991,NA,-0.00685803625806547,NA
2004-08-01,0.013741939488091548,0.010871965652001991,0.16288747922861546,0,2.051309633803733e-4,0.012101008841309158,0,NA,-0.0028297594295935147,NA
2004-09-01,-0.0027705779012903164,0.0089889979052733,-0.0029548580810737635,0,-0.0011862720011495131,0.01425639287168634,0,NA,0.03188757013364296,0.005850615911185741
2004-10-01,-0.0028374885690137797,0.012021015293461446,0.18198821553801459,0,-0.004249415626495168,0.020668685305857748,0,NA,0.012066123979974197,NA
2004-11-01,-0.002440265061506075,0.011216654927933556,-0.08922109617187601,0,-0.006494007962034587,0.036929366218295456,0.009803921568627416,NA,0.02406825178707872,NA
2004-12-01,0.0013085529673890761,0.011118116601984918,-0.019595662460541008,0,-0.01043901954749571,0.03333778733259396,0,NA,-0.0323757428625967,0.00954861007630825
2005-01-01,0.014372643148770958,0.013193762235906181,0.10023707899305223,0,0.00206924413646159,0.024682707701086493,0,NA,-0.03495504270657468,NA
2005-02-01,0.02776282484715753,0.008907492778760018,-0.033989514538712906,0,-7.095223404005591e-4,0.013068951368011783,0,NA,-0.02082323619741988,NA
2005-03-01,-0.02050918076691033,0.012434008251734907,0.13538817436326722,0,-0.005338735932566174,0.03173664364161133,0.009708737864077666,NA,-0.002969704452718158,0.008083969354629517
2005-04-01,0.010415573828583602,0.011626611753362104,-0.049030885424137804,0,0.003286912052741231,0.030355786085466185,0,NA,-0.008626475339279627,NA
2005-05-01,-0.013795524202745657,0.009287167624680626,-0.0676844828988411,0,2.996676384434682e-4,0.026471881659847263,0,NA,0.0070121562882248245,NA
2005-06-01,0.02162638637844938,0.008266403717016368,0.08735538834671397,0,0.007160404938502785,0.02124366490563734,0,NA,0.00874918687863202,0.009073732420802116
2005-07-01,0.008669860820044617,0.0063128805916901065,0.058590463330954856,0,0.0010906554062586338,0.03077061525625857,0,NA,0.007310921751677801,NA
2005-08-01,0.0031722993096450214,0.005363638944727578,0.16984640619713187,0,-0.0021991184359066995,0.03405699818344199,0.009615384615384581,NA,-0.0015718701709890315,NA
2005-09-01,0.0031529537533900864,0.006931429658240784,-0.022268512036168864,0,-0.0025421133008235453,0.034948820282336035,0.00952380952380949,NA,-0.005456051011155982,0.006755365990102291
2005-10-01,0.01097838446395194,0.006370086667524921,-0.06847862292782247,0,0.001871746656607387,0.032151968281035614,0.009433962264151052,NA,-0.011991993370526588,NA
2005-11-01,0.006181235418422082,0.007471060517306283,-0.016814282303890038,0,4.434703019928765e-4,0.02453947018312075,0,NA,-0.010038516475204373,NA
2005-12-01,0.007683070634703748,0.007877305142234947,0.07261859776438206,-0.014941749230769186,0.0026223694091662697,0.020552700479565145,0,NA,-0.011633836508841533,0.00791164580732584
2006-01-01,0.004585025164637102,0.011710699279277037,0.08920008938078339,-0.06292148473849801,-0.012543011769937884,0.030110743856001765,0,NA,-0.015073399862515546,NA
2006-02-01,0.017230815068428162,0.012811107485088291,-0.07014877104458006,0,-7.386980149288735e-4,0.021267901907441766,0,NA,-0.008275548520477516,NA
2006-03-01,0.008955327157267101,0.007371521966621275,0.019381707323235187,0,-0.008166333469080689,0.019412624198328343,0.009345794392523477,NA,0.007824570183079471,0.007912029512226582
2006-04-01,0.004056722157495196,0.004152271754043646,0.09543505665168883,0,-0.00583816488351363,0.03403080445123363,0,NA,0.029197401865470818,NA
2006-05-01,0.008890554708314458,0.005848018459620352,-0.011645364282400372,0,-0.011628277292686229,0.029006893313882953,0,NA,0.0372392625651079,NA
2006-06-01,-0.002807824314182583,0.004679772062851528,-0.02957100032182658,-0.006957397500000018,-0.00571224563609396,0.047904355034301016,0.0092592592592593,NA,-0.0299440150900816,0.008216867223381996
2006-07-01,-2.803507610504852e-7,0.008331563115220764,0.07370401511317715,-0.034952447235683026,-0.004803909650245575,0.03973314697908914,0,NA,-0.04760439284983775,NA
2006-08-01,0.012507654403131951,0.008524297173182482,0.009965660737293991,0,-0.00584102712018042,0.0407899443932056,0,NA,-0.031121217097322185,NA
2006-09-01,0.009073838098054843,0.005070644423444071,-0.13938405801170228,0,-0.0031265208375285125,0.03481791267298018,0.00917431192660545,NA,-6.08787369770325e-4,0.0071403393521904945
2006-10-01,0.007643537069735418,0.0035869049049304103,-0.060457831305116394,-0.01264285739130433,-0.0023610342232902592,0.04362176905289994,-0.00909090909090915,NA,-0.010838430357811402,NA
2006-11-01,0.006831140165181049,0.00646254958947412,0.027013150536554065,-0.03123024298663679,-0.005216913048794569,0.02418058161465164,0,NA,-0.022149224402732814,NA
2006-12-01,0.005441845192976746,0.0075348570148972005,0.1201077112812503,0,-0.010039031001884968,0.028018821940553273,0,NA,-7.03350321647811e-4,0.0062919436022639275
2007-01-01,0.002593023118083071,0.004951116851515058,-0.12884509124926669,-0.004407800909090986,0.002547583111074614,0.04141081421775028,0,NA,-0.019843511769968902,NA
2007-02-01,0.0021024089547008185,0.007386177238825509,0.021091640658722266,-0.04122847143934527,-0.008402728044275554,0.023096494077692542,0.00917431192660545,NA,-0.0074155002081773835,NA
2007-03-01,0.01065388852539595,0.005197626345233797,0.03545705041438407,0,-0.002962378128046339,0.030344180969192225,0,NA,-0.022410624747315144,0.007616131100803614
2007-04-01,0.006739338653080074,0.0063249619034357885,0.08716948999086149,0,-0.007077350680251504,0.04939829690814945,0.009090909090909038,NA,-0.015863920224755135,NA
2007-05-01,0.014806764489466717,0.007380056832406723,3.4558736457679373e-4,0,-0.004136812007317192,0.05994530700810663,0,NA,-0.02476409731073248,NA
2007-06-01,0.005578007827767628,0.011093959319318003,0.036208502280742794,-0.01907353809523804,-0.002380996847287209,0.06501403892823077,0,NA,-0.006254947402092315,0.006576031446456909
2007-07-01,0.0013279648427122481,0.010368714469538576,0.08874687261912628,-0.029100560166742673,-0.010104680604954064,-0.002285398726325827,0.009009009009008917,NA,-0.011303387023859246,NA
2007-08-01,-0.00527855133849453,0.0074112854088246305,-0.07464135318830933,0,-0.003814552615270639,0.025156990440066362,0,NA,-0.004625144798087066,NA
2007-09-01,2.0671613983846981e-4,0.011756131468753095,0.11673849971202621,0,-0.012899919564910323,0.02562953840062865,0,NA,-0.011659591477974574,0.009469808079302311
2007-10-01,0.016744772386986684,0.016985362955286742,0.05891798407516036,0,-0.011016887628159333,0.03357378143773837,0,NA,-0.026238638902290945,NA
2007-11-01,0.008586101709296967,0.012599875605972422,0.1384388836345587,0,-0.013430988315046188,0.013936170390538516,0.008928571428571175,NA,-0.0042871067225460635,NA
2007-12-01,0.008636001311332242,0.01108307500489003,0.020441778527807486,0,-5.122566567414832e-4,0.029876204288061148,0,NA,0.03470514591381879,0.008330385200679302
2008-01-01,0.024463868732766292,0.011464224302246695,-0.009203567276530933,0,-0.007172890324664394,0.01395059501580409,0.008849557522123908,NA,0.006711778094969922,NA
2008-02-01,-0.016812980812582756,0.00864759165425677,0.01785542929861772,0.015114381999999926,0.002765493944242081,0.02620490797171371,0,NA,0.04003263989732231,NA
2008-03-01,0.013743002991952524,0.011069292975844691,0.06800485961517877,-0.18728370454709997,-0.01030956650968129,0.01963098400967933,0,NA,-0.03998473189236895,0.008973484858870506
2008-04-01,0.01303937865612137,0.014870517724378418,0.06472565978814071,0.008650876848484756,0.001725542945876013,0.019842191445204493,0.00877192982456143,NA,-0.050191872675529936,NA
2008-05-01,0.008083201589020872,0.0143813666246555,0.11885749314543692,0.02146644984060031,0.006781932792906842,-0.002512487330051494,0,NA,-0.02745045233924881,NA
2008-06-01,-0.008729107740240272,0.011146300540915588,0.07792216675732111,0.02941176470588225,0.005537062077293875,0.021959148685392282,0,NA,0.05048380205603742,0.008119473233819008
2008-07-01,-0.007444110709010299,0.006902127301197325,0.0034816621717275176,0.02244345542857129,-7.592364540963681e-4,0.02450250149195199,0.01739130434782621,NA,0.02133055513625437,NA
2008-08-01,0.004901959315730453,0.009806425781676786,-0.14619806707239202,0.005993459208253782,0.017724465143925894,0.018181722017057256,0.008547008547008517,NA,0.04969127893602754,NA
2008-09-01,-0.010204173866494859,0.011564274384366247,-0.10460643245498036,-0.05275924355555561,0.02193815845240432,0.028084560432088068,0,NA,0.044030384823755986,0.008077847771346569
2008-10-01,-0.02789590850066559,0.010039685839718038,-0.30237120369016735,-0.06160193927316293,0.02357326649796443,-0.005246550649633863,0,NA,0.03535660531198381,NA
2008-11-01,-0.06751431786699857,0.008529313960810248,-0.20245539257879863,0.09193327087500003,0.01854350161223861,-0.045205588847153755,-0.016949152542372947,NA,0.02334057270144152,NA
2008-12-01,-0.01416690720177205,0.006796817133386757,-0.15551078374036265,0.1447585977468533,0.010300007489289609,-0.02898095854171756,-0.017241379310344862,NA,0.08149514316014561,0.002049071015790105
2009-01-01,-0.015479227966327613,0.012558950017811377,0.03813735486541714,0,0.1512684886890887,-0.0638972547272586,0,NA,0.036225100290260936,NA
2009-02-01,0.011255236541094504,0.013273077974179648,-0.05359433572750083,0.17359719499999993,0.10912855754848505,-0.07193488390693259,0,NA,0.07813285006471693,NA
2009-03-01,-0.001111154167035111,0.011985384318504044,0.007840516177666679,0.02249733137782428,-0.011856878292806017,0.00991224000278268,0,NA,0.007572893118653834,-0.004546040203422308
2009-04-01,-0.006279790266083163,0.007695843886279086,0.0651697827043678,-0.00948607416666658,-0.012475681714648745,0.008643875302937198,0,NA,0.009308693740098573,NA
2009-05-01,-0.003583294973137474,0.006411124685521186,0.12003199240656981,-0.058218065049566725,-0.02528874701329853,0.02211642155813709,0,NA,0.030261714802404027,NA
2009-06-01,0.007433288651450987,0.007425372226266269,0.18237841463998938,-0.053095278516336886,-0.01777473272834551,0.035734485939733274,0,NA,-0.008574093962789853,0.004032080993056297
2009-07-01,0.02708588319650418,0.007855894915598904,-0.050745388692103766,-0.04313221186750604,-0.0011679662454135986,0.014044190976238768,0.00877192982456143,NA,-0.024448699422435882,NA
2009-08-01,-5.047007740487386e-4,0.00583100353912358,0.1344033906180948,-0.032846879159693865,-0.007570579480950412,0.014445449351814466,0,NA,-0.009322244250542733,NA
2009-09-01,0.011418607564229744,0.00291499684816543,-0.0537140339127935,-0.021854701260444198,-0.019677194859804903,0.017143809868549242,0.008695652173912993,NA,-0.040662996547306096,0.01059921644628048
2009-10-01,0.0010974782039929742,0.0011314727123117319,0.09735680403537228,-0.06202017837637308,-0.02064652913923315,0.029126077960768715,0,NA,-0.017999383879753084,NA
2009-11-01,-0.00552493084996597,0.003151700501753174,0.06624373044826704,-0.06537813266666659,-0.018230718374308563,0.036320311171144315,0,NA,0.04355994308875255,NA
2009-12-01,0.0035864609081950327,0.0037724299855335097,-0.010014536828597098,-0.050915600673406836,0.009203688001197419,0.020892575266101776,0.008620689655172376,NA,-0.04032715355521632,0.00764835998415947
2010-01-01,0.013550328187769134,0.0061592245993291606,0.02192023938031573,-0.029225364798199704,-0.0072941393169224655,0.031304423791617575,0,NA,0.04953859443529174,NA
2010-02-01,0.00646283255732949,0.005701790856714517,-0.04921739886498899,-0.006457608774193546,0.005804507123606584,0.026679163473848577,0,NA,-0.06294366667056017,NA
2010-03-01,0.005894672811333157,0.00527281033560012,0.049000825499418754,-0.028676680071164973,-0.005126894845015717,0.027772935924446962,0,NA,0.024204490217855534,0.00933973491191864
2010-04-01,0.003538398982309676,0.0038898096634849555,0.052890703695351204,-0.03063778620748936,-0.002750220491477662,0.02675397605990515,0,NA,-0.01034122490375311,NA
2010-05-01,0.00791584526938327,0.005634286313588088,-0.10630545661883428,-0.03448275862068961,0.017234235882148452,0.02929767305521369,0,NA,-0.04928484587462778,NA
2010-06-01,-0.0032170018385059285,0.00522016996508734,-0.02960472429845884,-0.0357142857142857,0.007642446090190269,0.02060728106605625,0,NA,-0.053391300141906295,0.008022499270737171
2010-07-01,0.007575272271102218,0.004973822504211078,-0.005904895718805148,0,-0.005096893824936943,0.01649084035816828,0,NA,0.009111668240526338,NA
2010-08-01,-0.008684424779150324,0.01095036151949702,0.03273228615832502,0,-0.008584374704298514,0.024576072404244975,0,NA,0.002891255637010648,NA
2010-09-01,0.003971659643641212,0.01126828149923531,0.035694550952107384,0,0.004932929831320321,0.025380507920209183,0,NA,-0.030838098630700195,0.006163665093481541
2010-10-01,0.020498760727475362,0.006073092512097533,0.06096809550649529,0,-0.010248389264016278,0.019034692047546375,0,NA,-0.004253849251004582,NA
2010-11-01,-0.005519773539464312,0.008110006867575459,0.0642165063101936,0,0.01083935732276009,0.023163859609187654,0.008547008547008517,NA,-0.03198034321781762,NA
2010-12-01,0.007172007669520308,0.01024530594115336,0.09352405609470305,0,-0.010075983825020396,0.0182751561826886,0,NA,0.035544314432000235,0.007374096661806107
2011-01-01,0.017265094062556496,0.014292200945069444,0.045910770488100106,0,-0.009938012775080884,0.015625415821240995,0,NA,0.011962294560326603,NA
2011-02-01,-0.0037715451597417626,0.0054346788377019895,0.03812243813823679,0,-0.007960743913186796,0.013163988695582773,0.008474576271186418,0.01098901098901095,-0.028584440099886366,NA
2011-03-01,-0.003940500314403406,0.005214713961783746,0.1066740982609864,0,-0.010355212694920346,0.015747482285072723,0,-0.0018115942028985588,-0.03497754213590287,0.009135323576629162
2011-04-01,1.2613894776425383e-4,0.005265003283059899,0.05175977726904768,0,-0.004601764582090051,0.01486640449775889,0.008403361344537785,0.005444646098003547,0.0498459111290781,NA
2011-05-01,0.010275264157049824,0.005347926608972653,-0.0883122058093142,0,-0.008153754855377504,0.012162882314921353,0.008333333333333304,0,-0.03675739758990837,NA
2011-06-01,0.0034668918998472797,0.003476997040046559,0.007937326054263005,0,-0.0029240498337019805,0.007547870494913234,0,-0.028880866425992857,-0.03306148229400885,0.008713608607649803
2011-07-01,0.023468393318089475,8.470998769281035e-4,0.025710029759679953,0,0.0020318132724019833,0.01909550743817423,0,0.014869888475836479,0.05646302455856089,NA
2011-08-01,-0.009757109968652977,0.0028062782977920087,-0.06196868495789343,0,0.015079103092178414,0.017854249210335515,0,-0.03663003663003661,-0.04255721855028427,NA
2011-09-01,0.014209005764897364,0.0024124421368656446,0.02235052911787605,-0.03703703703703709,0.022190159430137246,0.01526340587027808,0.008264462809917328,-0.005703422053232043,-0.018376710336433733,0.006869281642138958
2011-10-01,0.008458392050396668,0.005495094772329567,-0.009140463846948776,0,0.01722387687817495,0.02438140990029125,0,0.003824091778202643,0.027779221110554086,NA
2011-11-01,-0.01412880393756133,0.004358194154923112,0.02752739227505674,0,-0.006673985193112353,0.008527822533413332,0,0.040000000000000036,-0.029648609013863347,NA
2011-12-01,0.004455347726514125,0.0034144491397147814,0.004649549828568134,-0.009623860461538514,0.015291388053158883,0.01975583533704106,0,-0.020146520146520186,-0.04866178048618508,0.00615172553807497
2012-01-01,-0.013161745061276764,-0.002521684247415279,0.020160967003234553,-0.029117904651296378,0.0021509509610728728,0.024743459726269013,0,0.016822429906542036,0.011639130525653352,NA
2012-02-01,-0.006929973395198963,0.0014010183547694677,0.05188052523072928,0,-0.00909252489651069,0.010486638980820917,0,-0.012867647058823484,-0.01573867326373979,NA
2012-03-01,0.011876815669206398,0.004983969401305632,0.03609138681432089,0,-0.0017664637684047246,0.010397611736145063,0.008196721311475308,-0.0018621973929237035,0.016293696592492024,0.006616284139454365
2012-04-01,3.236388288414549e-4,0.003952912964919619,-0.05274205468928672,0,0.005008815677379985,0.012109302547320455,0,-0.003731343283582156,-0.07708241757764811,NA
2012-05-01,0.005479619330083674,0.005570016154242463,-0.08454851779167483,0,0.01608207738923051,0.007743323770265764,0,0.020599250936329527,-0.008134683529987252,NA
2012-06-01,-6.25177243267272e-4,0.009976304011749537,-0.12794255649901864,0,0.02399183417931905,0.0066586916845814415,0,-0.034862385321100864,0.009609309743390915,0.006322768982499838
2012-07-01,-0.010512063291779894,0.012502432517136564,0.053841647676961424,0,-0.0038481369183593905,0.010153773885068329,0,0,-0.006185848073246736,NA
2012-08-01,0.01601215486514218,0.0063554605837736755,0.11651164416188231,0,-0.0050719423068312786,0.004476145377571683,0,0.0076045627376426506,-0.01728060303521184,NA
2012-09-01,0.0015855091612053673,0.007951024693185538,0.013614739168308354,0.02198836624,-0.006027086701050899,0.003894213841380445,0,0.024528301886792336,-0.003980222786064136,0.002848308300599456
2012-10-01,-0.009878623116971186,0.0052230378446371795,-0.02116902093834394,0.017624108409635575,-0.005443134350645362,0.012180491973975194,0.008130081300812941,0.0423572744014733,-0.017665881226415103,NA
2012-11-01,0.012114052428727984,0.0033380574905752525,0.0011419161415782142,0,0.005352735931250185,0.013640715032291029,0,-0.007067137809187218,0.0056872269855470226,NA
2012-12-01,0.014049779771234006,0.004370040750807602,0.024089547444697157,0,-0.0091735568962803,0.0056998707980588925,0,-0.03736654804270467,-0.032561135048105316,0.006967370864003897
2013-01-01,-0.026644013709488212,0.0032000743063487214,0.012002522328795173,0,-0.0037380795290956614,0.02243052310799487,0,0.012939001848428777,0.06549400583016185,NA
2013-02-01,0.007292279602748364,0.0033198528184272824,0.02996284546724448,0,0.001319963986635475,0.013158756509076719,0,0.0018248175182482562,-0.033174768619999906,NA
2013-03-01,0.003979140995692854,0.00269468079512869,-0.06867728964129327,0,0.008831595061765007,0.01599045595067805,0.008064516129032251,-0.02732240437158473,-0.003938357433062034,0.005310469307005405
2013-04-01,9.257949069929605e-4,0.0057731576485908764,-0.07458427872290785,0,0.011420700938580941,0.02136387250485794,-0.008000000000000007,-0.01872659176029967,0.012217328039977549,NA
2013-05-01,-3.3788121354050293e-4,0.0069181378649110226,-0.0041951257371181105,0,0.0010159619728506986,0.005630099610955952,0,-0.026717557251908386,-0.014988423772314574,NA
2013-06-01,0.009055052027981514,0.005430571174125598,-0.006659043070250559,0,0.01380410240505836,0.010035797648851874,0,-0.01764705882352935,0.04583423285147337,0.005396187771111727
2013-07-01,-0.010572680993738093,0.008379396628235058,0.04017760028963302,0,0.0085591170260364,0.016080959710482512,0.008064516129032251,-0.027944111776447067,-0.02083006941216914,NA
2013-08-01,0.00484623500582515,0.006546539264759232,0.03645378147590517,0,0.007818713218212592,0.016596196102289573,0,0.05544147843942504,7.192187929638827e-5,NA
2013-09-01,0.0020707321865238715,0.004678671530997658,0.013836260600843753,0,1.6401684824196572e-4,0.0061230862596226565,0,-0.0038910505836574627,0.01334260037431334,0.0050038620829582214
2013-10-01,0.0122783310608936,0.006120843076568461,-0.010873247557112387,-0.15384615384615385,-0.0023078970779117913,0.002198217072255426,0,0.04101562499999978,5.24919221317921e-4,NA
2013-11-01,0.015158303812939922,0.0053030178082755786,0.009542458154853328,0,0.007824378324925663,0.010025788854507667,0,-0.02063789868667909,-0.03039756942291416,NA
2013-12-01,-0.014305499595074322,0.0037742797206128387,0.051457502871026906,0,9.794581930542279e-4,0.014045749124782292,0,0.005747126436781658,0.02379237946369739,0.008188523352146149
2014-01-01,0.017314593381323684,8.92918642407814e-5,-0.043195208272486685,0,0.012486102608727512,0.0105316010917893,0.008000000000000007,-0.055238124380952325,-0.04875239888448568,NA
2014-02-01,0.01727992496380737,0.004519294197034673,0.004126157005923448,0,0.028170472272686986,-0.0020103525068448924,0,0.012096820736051006,-0.0010914619619174504,NA
2014-03-01,-0.010914085460378087,0.009354397998088793,-0.025904857902123712,0.2727272727272727,0.02690551617157011,0.009443428604775317,0,-0.04780879449532505,-0.025363067164604902,0.00638886634260416
2014-04-01,0.005715861024681912,0.009680120144386573,-0.009148910710224167,0.009720662285714221,0.018839476719951564,-0.014321075473030853,0,-0.004184116593722309,0.007029721167644221,NA
2014-05-01,0.001553042242435243,0.009497380433478808,0.005519752505690256,0.06111384212260096,0.015800591931629304,0.009361416407374978,0,-0.010504202018307374,-0.02410847205709976,NA
2014-06-01,-2.0482836056823217e-5,0.007545460239872126,0.02545471698824442,0,0.01213106588332491,0.0020810615997228776,0.007936507936507908,0.06369426958497315,0.00875442747252908,0.0024574543349444866
2014-07-01,-0.005878424504677016,0.005430583721471205,-0.0485001130258248,0.011571991733333231,0.02288512838353518,0.001696498418038983,0,0.02395211190911639,3.431211666595768e-4,NA
2014-08-01,-0.001974028165710129,0.007544576009812953,-0.02939401016208565,0.054464413194090566,0.03959349639763188,0.010252172724783293,0.007874015748031482,-0.00389865054508709,-0.0028353122964045463,NA
2014-09-01,-0.0015621577210092052,0.00902025807510709,-0.03892120687267342,0,0.045465148136449196,0.008047861570156467,-0.0078125,-0.003913834559455376,0.014996251364182811,0.004490990191698074
2014-10-01,-0.0033566469138185395,0.008606945674038302,-0.1200590776677879,0,0.06339490812995341,0.006738461549130603,0,-0.03536351681520267,0.00359248928788114,NA
2014-11-01,0.004209220932142488,0.01204927706432124,-0.051048057554714865,0.1875,0.0718070494827121,-0.003376412473830137,0,-0.030549899118968327,0.006037717519478347,NA
2014-12-01,0.010098007256400088,0.024558083152785626,-0.19363286565488325,0.4148073252631579,0.0900403682893578,0.0037273900007142036,0,-0.008403313505400689,0.00851992778337407,0.0010832881089299917
2015-01-01,-0.014841141800962077,0.03287227746288979,-0.20223926250267443,0.26481793828546896,0.07707417970747277,-0.011896973423967339,-0.007874015748031482,-0.033898353055873964,-0.004491097369516472,NA
2015-02-01,0.0018327515418259388,0.019430932890590613,0.16440565664559093,-0.11764705882352944,0.016972769796552933,0.018578097466866783,0,-0.019736792548186277,0.05170489773897491,NA
2015-03-01,-0.00636036856866784,0.011391781862919004,-0.07653478451816709,-0.03816651866666676,0.009966932755978819,0.00464285163585032,0,0.04697983096857561,0.024052631576809702,-0.005412590224295855
2015-04-01,-0.007044400554666597,0.005199776495746322,0.07984520242822257,-0.029631062500020122,-0.018698223320335106,6.37044589465896e-4,0,0.08547008685806134,0.005338500709656024,NA
2015-05-01,2.57111028474144e-4,0.004065382701340603,0.04907896588151339,-0.10153906928571421,0.00270065703069422,0.017554777693199908,0,0.01574801657418301,0.012538189391726906,NA
2015-06-01,0.0011108066047444964,0.0034234793487852855,-0.043969831788502445,-0.047969016425225774,0.043367121819373855,0.0047931536620107185,0.007936507936507908,-0.04069764597417447,-0.024424686853336763,0.0036095301620662212
2015-07-01,-2.7814217108645956e-4,0.00852514464932419,-0.11221743937756123,-0.03967214654263007,0.029482912955930862,9.581786693333427e-4,0,0.028282859191919085,-0.016413350141247562,NA
2015-08-01,0.0012303339238577404,0.008670900579558216,-0.12105687834401146,-0.04347826086956519,0.11757942458586323,0.011095604659488556,0,-0.03143422872113222,0.01703464002339672,NA
2015-09-01,-4.9066354564542e-4,0.008201663497891643,0.004160102294785473,0,0.019394825741999133,0.011241171872105715,0,0.03245440800538235,-0.02393775088693495,0.006615305785089731
2015-10-01,0.005160205050427136,0.007561526559681342,0.008258910716274048,0,-0.015179860876173401,-0.0010991287081022483,0,-0.03732812323944934,0.02036436463689073,NA
2015-11-01,-0.005520605274883517,0.0066695492821056135,-0.016337720932373734,0,0.012955345403270924,0.014503034264143233,0,0.030612244897959107,0.039588759013981845,NA
2015-12-01,0.007010683113628957,0.005918206864430564,-0.1124195575672019,0,0.014033928421194997,0.011670606947964401,0,-0.05346536158415849,-0.007523249626895434,0.003389370162039995
2016-01-01,-0.013902404379283695,0.004588278861803019,-0.16652031599145023,0,0.035988191310563966,0.016372100395776856,0,0.012552349362757065,-0.03506533577942528,NA
2016-02-01,-3.162149134228187e-5,0.004021806592213073,0.01080463233190665,0,-0.0011560205838043736,-6.201995131170923e-4,0,0.04545448079451764,-4.200348119923758e-4,NA
2016-03-01,0.016932332496693903,0.0040155188929580365,0.1422735672540374,0,-0.026871096849045095,0.008375953419948567,0,0.003952584506866641,0.03933063444025908,0.003406590549275279
2016-04-01,-0.007960464147780844,0.004735368015138519,0.03879946479244345,0,-0.010751386979117594,0.01635885772586243,0,0.009842519832289565,0.002805545208982574,NA
2016-05-01,-0.004445100894643117,0.0046265437782877505,0.0907385729743051,0,-0.006969304099604279,0.00891835262496632,0,-0.0019492881380400728,-0.011510233627784805,NA
2016-06-01,0.005544860943381691,0.004724111245226537,0.02716972880510915,-0.028162720909091,-0.015023716073407356,0.015433755457299414,0.007874015748031482,0.04492185948944116,-0.024247333983256958,0.006215606816112995
2016-07-01,0.007913070882950679,0.006028373694318523,-0.06803875101000034,-0.017792921631520353,-0.015990993437886347,0.0035235520802106013,0,0,-0.016837814920524496,NA
2016-08-01,0.0023664157791001283,0.00517042638816223,0.05436832375023881,0,-0.008488136413831726,0.012777846191098563,0,-0.011214924672897197,-0.002536113034610765,NA
2016-09-01,-2.93171879187204e-4,0.004200530300931149,0.002244427335744925,-0.02167179523809515,-0.007537170383951408,0.00596831284454824,0,0.003780660382147305,-0.006437336775919067,0.007461562752723694
2016-10-01,0.014398666384991543,0.004305955551166862,0.09525544354708271,-0.02652203243723017,-0.019182165662751993,0.007018158396102203,0.0078125,0.011299478480003788,0.003853467796836041,NA
2016-11-01,0.012770062728404863,0.003449300989440962,-0.04457957244536315,0,9.923881527382772e-4,0.007567636911826048,0,0.039106116392539025,-0.012070497085532317,NA
2016-12-01,-0.007998322182850348,0.0021187035219287775,0.21150166891130828,0,-0.027768207034858716,0.00501564098120344,0,0.014336903958710678,-0.024019776794948933,0.00693275174126029
2017-01-01,0.01496470348554646,0.0017289982460495512,-2.4016615108035655e-4,0,-0.02241120286600251,0.0014132884081770047,0.007751937984496138,0.030035350105195757,0.022515279952831202,NA
2017-02-01,-0.010722489407447244,3.6878305533871725e-4,-0.01702835959308524,0,-0.016956651125726308,0.021641767932561118,0,-0.04974267148892675,0.003095505032032486,NA
2017-03-01,0.008348528779703823,8.177362815133815e-4,-0.10040746917811583,-0.005686814100000048,-7.870168310845083e-4,0.00939036030697693,0.007692307692307665,0.016245445580225004,-0.030185549392775735,0.009792369790375233
2017-04-01,-9.813492433164983e-4,0.003250993449358308,0.003721474929994084,-0.019423644555732866,-0.018813333864786008,0.006631128313484114,-0.007633587786259555,-0.017761989582577464,-9.804137755722309e-4,NA
2017-05-01,0.00870300672748825,0.004149654480267273,-0.051704095954247964,-0.05128205128205132,0.0016697285364282166,8.824226957819814e-4,0,0.012658241765285183,0.01483575598540643,NA
2017-06-01,0.00536130751082875,0.00680558049502511,-0.09241137910862385,-0.012877735135135127,-8.751719114709067e-4,0.014901288553643921,0,-0.021428585,-0.009979975489804005,0.004929504357278347
2017-07-01,-0.006919655809782377,0.0016097176056757423,0.020718140670159757,-0.014333879799407478,0.010565849018796758,0.006793446679416393,0,-0.025547403821460368,-2.80588090413314e-5,NA
2017-08-01,0.01301407427126211,-3.564637712183405e-4,0.10055046923852551,0,-0.005159713164301305,3.765770192127871e-4,0,0.014981258559525923,-0.0234242715290377,NA
2017-09-01,0.003346428162458892,0.0010146814550489047,0.0834290510153719,-0.026486883777777748,-0.012142999221482098,0.005351219676705377,0.007692307692307665,0.011070082501600353,0.012336809256717762,0.0048588779754936695
2017-10-01,-0.018633720177065216,0.0019310387108419924,0.030995319807211263,-0.032456237592989545,0.006120765746391976,0.009811502296765306,0.007633587786259444,-0.029197052959667125,-0.011273007025707105,NA
2017-11-01,0.010194216984427351,0.0012175486853476247,0.14509665036662267,-0.026806914834702544,0.004136701015372335,0.012316273467569916,0,0.05827064728786291,-0.009942859535461035,NA
2017-12-01,-0.0170507185714891,0.0020117303243241125,0.046369879315803164,-0.02889502363636376,0.005854332466525891,0.005781689929004408,0,-0.005328583375661111,-0.005142233260865048,0.00776780117303133
2018-01-01,0.044406747207151875,-8.78926074244557e-4,0.0679703052649483,-0.03265459218265043,-0.008356595020872715,0.008175696978015123,0,-0.021428585,-0.009019995177521167,NA
2018-02-01,-0.007620226015808251,4.364156561131871e-4,-0.06927275485952689,-0.02038223135483863,0.014822785632934155,0.010946905727439171,0.007575757575757569,0.00729929791145012,-0.031951254483382874,NA
2018-03-01,0.0014962211180040708,0.0023832807092045716,-0.020522904521685592,-0.020362423497641835,0.0031818591060102097,0.008240101584152892,0,-0.03623188355912621,0.00609302570740855,-1.611263688544584e-4
2018-04-01,0.003750615920059097,0.0035546879818477706,0.07131120327469453,-0.025202930497606357,0.03604401535643409,0.011217965374405559,0,0.031954901235230704,-0.003993576442774982,NA
2018-05-01,0.016993904665326687,0.004146068244446743,0.06453927416462468,0,0.010031039219414062,0.01602791940586723,0,-0.02732240361014071,-0.0131420504026879,NA
2018-06-01,-0.01279168440560463,0.005714002483047542,-0.02463204959918741,0,0.01465625534471271,0.004924385474113668,0.007518796992481258,-0.026217256364936214,0.006889923350995808,0.013652583665292317
2018-07-01,-0.003106465399532743,0.0038458067125690665,-0.017801221728429684,0,0.004510866057418017,0.01564349678643362,0,-0.0057692161538460685,-0.0016701472232086845,NA
2018-08-01,-0.00249624868512599,0.005098739104615113,-0.0036884353307742312,0,0.022434373306762234,0.00432954626285631,0,0.007736899499418914,-0.0063152618741172395,NA
2018-09-01,0.001573802141779268,0.0041505374577637255,0.08839903863343546,0.017231343586206815,0.016878023075285187,0.011280477877483763,0,0.026871431307356808,-0.030396932074616134,0.005845827162088479
2018-10-01,0.005308861950033439,0.003353760018256935,0.02168430028894508,0.016959185482491757,-0.0042355968464407034,0.0015345452182320418,0.00746268656716409,0.04299063999999997,0.015577461145451554,NA
2018-11-01,-0.0021192357180678245,0.003777833696848587,-0.1387629258664541,0,0.007059442920411163,0.009196292130586592,0,-0.01433690413792199,0.01315071429915271,NA
2018-12-01,0.00592216558573222,0.006099562483141918,-0.06258142347344386,0.01665698800000004,0.007990440425601486,0.009487214257580368,0,-0.01999997218181826,-0.005219434574653459,0.0027790383716213007
2019-01-01,-0.0027566648591778042,0.006211327944404266,-0.006398737079452932,0.016403118780641712,0.0013206058605250703,0.0025857354927603104,0,-0.005565919322525703,-0.003482324043858287,NA
2019-02-01,0.009814428468032599,0.0028103731811974786,0.03663931964868983,0,-0.005606330924784353,8.366907467101115e-4,0,0.009328358475231058,0.009069065504618168,NA
2019-03-01,-0.0024248149692807086,0.0025069868407932017,0.014456241604757558,0,-0.005056126906497593,0.008088315024813442,0,0.009242144438825983,-0.03523658953253328,0.006805577885805603
2019-04-01,0.012186150584964528,0.0025102878092124747,0.03797133769807104,0,-0.008246385851873206,0.0010154467853180638,0.007407407407407307,-0.029304002103207383,0.015906808108452797,NA
2019-05-01,-0.0076683028616642,0.0037063863620578896,-0.017683044054821684,0,1.6600120544829622e-5,0.005954690203306745,0,-0.028301886792452824,-0.02045495416999521,NA
2019-06-01,0.011353059704152013,0.0016779940819158234,-0.12995725283966708,-0.01613839870967748,-4.2688562409431974e-4,0.009768386565799814,0,-0.04466017941747569,-0.01751576563700008,0.00525221536539644
2019-07-01,3.407806693218607e-4,0.0032748435960043842,0.021923823655476626,-0.020665000009488566,-0.011195653031399244,0.008664614847157859,0,0.020325202938066056,0.020749731066059818,NA
2019-08-01,0.0015063721972254918,0.0026428125824433657,-0.048536431243533906,-0.029107788417842118,0.009949619004453014,0.008703500363327343,0.007352941176470562,0.02589639881113026,-0.03262050014541873,NA
2019-09-01,0.005748182561959858,9.127098811196888e-4,0.0547041936032604,-0.026279875724137924,-0.010933757546289224,0.004930003613408784,0,-0.0019417178640777077,0.035704232319023754,0.003730831440439175
2019-10-01,0.012195929845591147,0.0010436635132362593,-0.04286442783012201,-0.020765824954280143,-1.5428186698385193e-4,0.016325262068802804,0,0.03696493489189989,-0.001860620854864603,NA
2019-11-01,-0.022167767111713865,0.0013703499287047727,0.09763177387966993,-0.05972553448529194,-0.005087384359043656,0.006601124130307889,0,-0.007504647574175127,-0.004500901165376714,NA
2019-12-01,-0.0051767380956427855,0.0012321488767872424,0.07963314603416771,-0.020990226153846048,-3.396316688788481e-4,0.01774887926107005,0.007299270072992581,-0.020793993538472333,-0.005289542135266667,0.010797504186576212
2020-01-01,0.010305525758624423,4.123705786847065e-4,-0.022505271192337584,-0.017845901822873822,-0.0067039961015921135,0.004924285495290004,0,0.015444000805742153,0.0019990011796608975,NA
2020-02-01,0.004746266453733883,0.0015234308360374538,-0.1499268965789352,-0.029482818240000097,0.015743766345280186,0.009443390533282248,0,-0.03231933440016321,-0.01037338220770212,NA
2020-03-01,-8.37705855654014e-4,0.004781769139171832,-0.45101159721769335,-0.010836677554669771,0.1256042791159957,0.010749952168010113,0,-0.22396858914200501,0.026075720198931007,0.002777575867836779
2020-04-01,-0.09424875395652976,0.007634435420784014,-0.41227546618663435,-0.015180836500000017,0.006939437484833055,0.021277365150451644,0,-0.648101275443038,0.25375511230109105,NA
2020-05-01,2.0181768112892406e-4,0.003291305195020744,0.6272549635129734,-0.0692030571289074,-0.004456000320442355,0.012797853626202782,-0.007246376811594013,1.51798568034781,0.06975567470457711,NA
2020-06-01,0.023840950875389844,0.003650575733799899,0.25649041022849106,-0.054727389272727245,-0.012473787468216924,0.0068267059181947864,0,0.39714290085714277,0.018168442222958436,-0.0010273589743048372
2020-07-01,0.0297659270322701,0.005150024978836321,0.0578327582704512,-0.1453876180406738,0.015066678725599747,0.021521835072968454,0,0.1615541403440115,0.015281953788852665,NA
2020-08-01,0.02244048688973188,0.004651558336800532,0.0839960777618296,-0.04346693876690766,0.010264238565651729,0.01325277541066372,0.007299270072992581,0.008802817019192721,0.02394642831246374,NA
2020-09-01,0.004895178229714858,0.001663251398696497,-0.052896879804620656,0,0.012784546113659978,0.009922222305211115,0.007246376811594235,-0.06282719943714954,-0.026211551143208278,-0.07841440815744061
2020-10-01,-0.007148651565686004,0.0037618656815190388,6.349638142784109e-4,0,0.0119809953301373,0.013749752557841166,0,-0.12290506883784258,-0.019336344772337366,NA
2020-11-01,0.010596032123851407,0.005418218583217671,0.10387334610358212,0,-0.0016576614576941928,0.007871413331509869,0,0.014862012584689444,-0.033736025577486894,NA
2020-12-01,0.023494924251625582,0.005800496202172711,0.19595053478564517,0,-0.011064461009137383,2.5708348975461703e-4,0,0.010460251212338623,-0.039501382374756866,0.05359521465878281
2021-01-01,-0.012758052796407404,0.0033134999401795984,0.07520309269765302,0,0.0013471446608324111,2.6578312494662804e-4,0.007194244604316502,0.08281573629275285,-0.03259276735178129,NA
2021-02-01,0.020249883624362086,0.005768019487616405,0.10136234970110136,0,-0.003032975105397684,0.0099210636481053,0,0.005736123027905604,-0.004548864065853864,NA
2021-03-01,0.018744757351401242,0.005791801290497167,0.008427735910231826,0.02137407435294114,-0.0021942030452860584,0.00700182162428864,0.0071428571428571175,0.038022814794199666,-0.05047705428870419,0.011337381094245869
2021-04-01,-9.267349821416859e-4,0.0053924013404715865,-0.019003724738947514,0.062795928795913,0.006857913473732324,0.0026798401594880783,0.007092198581560183,-0.010988983274966113,-0.020971005918914543,NA
2021-05-01,0.005915473290873052,0.008124597832257052,0.033483935134646536,0.08379305139541482,-0.005269101564711942,0.019130374217977808,0.007042253521126751,0.04074075481481487,-0.04297134685054271,NA
2021-06-01,0.0011593206656406174,0.00868361491699221,0.06533538528319593,0.05448655860000007,0.0022411416427441377,0.005042141429321578,0.006993006993007089,-0.021352326401641197,-0.01967210588457613,0.022949312895043983
2021-07-01,-0.011999720538035774,0.005183285028361295,0.01342764599135804,0.08611057965551971,0.0026908274164347823,0.005725811531370972,0.00694444444444442,-0.05999998618181812,-0.06085013831691499,NA
2021-08-01,-0.005121654986953494,0.0068098108307648175,-0.02999546325748914,0.13508467434889648,-0.00882997272991548,0.003856882154035901,0.006896551724137945,-0.04835589870888812,-0.01716127877909346,NA
2021-09-01,0.013054321283513692,0.008007985915795546,0.06417009089220316,0.024465089384615446,-0.0019153529772012456,0.004555747413892419,0,0.026422748372331384,-0.034447221729857924,0.011971643669383303
2021-10-01,0.011596804503840819,0.010302970661938415,0.124002107435496,0.040407183415197334,-0.013574488735911716,0.013473914852133229,0.006849315068493178,-0.01980198019801982,-0.016341333730280683,NA
2021-11-01,0.007939397923370839,0.007627309690931616,0.01270039257563993,0.0825485959730965,0.005891817487274853,0.013720288191377383,0.006802721088435382,-0.022222191313131412,-0.0012095312425207672,NA
2021-12-01,0.015006302785827152,0.0056199841187247745,-0.05828597174248895,0.0543962761333332,0.0012572489244624396,0.020747080190041567,0.006756756756756799,0.037190049857422025,-0.010858936297100108,0.00751647575391301
2022-01-01,0.005698459939621703,0.00637235101426592,0.13244741644333335,0.07486469649672589,0.01057854418102444,0.016251225702252903,0.006711409395973256,0.0019920318725097363,0.010336812567537823,NA
2022-02-01,-0.003013937061067118,0.009491189035661707,0.06742935877232803,0.12344400905882358,-0.0033861332430021873,0.012093689521008866,0.006666666666666599,0.00994035785288272,-0.054591318218487395,NA
2022-03-01,-0.012691471032281632,0.07531454784260228,0.17957201405497658,1.0944000390743,0.33672823565403154,0.017215425240581617,0.0066225165562914245,-0.25787401574803137,-3.3537539735595256e-4,0.012137039368622426
2022-04-01,-0.04605955622100222,0.015319701249466577,-0.07688419855604556,-0.10752966950000009,-0.2571037165006932,0.024461958178044307,0.013157894736842035,0.17771883289124646,-0.0077552397853491994,NA
2022-05-01,-0.007922726164657501,0.0021276097782376713,0.05422693879863272,-0.24398452033470708,-0.14520743056693497,0.01024891374500081,0,0.0855855855855856,-0.010848753367911912,NA
2022-06-01,-0.0025496788800929426,-0.0013295672131434788,0.0396618360356098,-0.25383842398888834,-0.03509457898055757,0.01270789191966859,0.012987012987013102,0.04564315352697079,2.3937138375740297e-4,-0.001724031829642203
2022-07-01,0.012680389433446848,-0.0017301860632301658,-0.11613733482194377,-0.0921683417989938,0.006213485255826878,0.010378207316451338,0.012820512820512775,0.03571428571428581,0.002228834094097243,NA
2022-08-01,0.0027104795885410926,3.53879829833037e-5,-0.05378051944409279,-0.12482014673859221,0.015874167584289056,0.02348309116792957,0,-0.034482758620689724,-0.022704694184302543,NA
2022-09-01,-0.004905354369965642,0.002033167251249468,-0.047232755115715674,-0.028445046750000036,0.005383853000097805,0.030375605111573556,0,0.021825396825396748,0.012139054874249933,-0.05276518798848373
2022-10-01,0.01458923872582174,9.963612629078078e-4,0.016053065718709902,-0.035052009293021436,0.022332800888280824,0.024855026153091764,0.006329113924050667,-0.11067961165048545,-0.012687295689059463,NA
2022-11-01,0.015146747277797301,0.001557077856483513,0.02870775086018429,0,-0.020157620623924788,0.01749745445617612,0,0.09170305676855905,-0.051023894276502,NA
2022-12-01,0.0029056777733431627,0.005199094900163237,-0.09712241582425074,0,0.07863178070620203,0.013529370657296758,0.0062893081761006275,-0.040000000000000036,-0.01373255109037308,0.008116475935366019
2023-01-01,0.001026729992344766,0.004815442666853853,0.04021404171663878,0,0.034967068148507696,0.023277425904558946,-0.006249999999999978,0.03541666666666665,-0.03504132256356385,NA
2023-02-01,0.002586270760111642,0.0026032216511988615,-0.048034021086455825,0,0.043146252796992135,0.02288464674823021,0.0062893081761006275,0.06841046277665996,-0.014215378482317909,NA
2023-03-01,0.015859716631621,0.0030264596797817678,-0.07605474082117292,0,0.03388004687602719,0.01750649618653255,0.006250000000000089,0.06967984934086613,-0.0025171473618015305,0.013201337202494834
2023-04-01,0.0015904199147933618,0.0036577570788491887,0.06296550005229551,0,0.05068703374785399,0.012096092676312287,0,-0.029929577464788637,-0.04038478129616341,NA
2023-05-01,0.012465880865406342,0.00421200979834202,-0.1119153925311761,0,0.0160995221012179,0.006494446332944381,0.006211180124223503,-0.012704174228675202,-0.01723176547480154,NA
2023-06-01,0.00215475886750216,0.005976082413656991,-0.022886153914050245,0,0.05246530819607753,0.022522570364071237,0,0.025735294117646967,-0.030212454678868017,0.015337564474364296
2023-07-01,0.0042506914679416585,0.008339271020375127,0.06614880766736686,0.037969344399999994,0.04588770222268601,0.014336593530678288,0,-0.04480286738351258,-0.0296010522812018,NA
2023-08-01,0.0022769547320944383,0.008017604868734818,0.08222994473720724,0.34423982705052225,0.03786950165470815,0.017224253281959756,0,0.04878048780487809,0.001303473413985179,NA
2023-09-01,0.012538511954365061,0.009837227467010656,0.11380800776638655,0.19212242762896636,0.02450293942546522,0.015143034896023089,0.006172839506172645,-0.02146690518783534,-0.013848537870355448,0.011041630251993118
2023-10-01,-0.0034764669122282488,0.00752779693525385,-0.05017389327587174,0.05653588106767016,0.01860559150178842,0.007442626930639351,0.006134969325153339,-0.020109689213894,-0.04256525928968846,NA
2023-11-01,-0.002770268369283513,0.008602941192985103,-0.0547579346239645,0.1380559160269692,-0.07100133546986798,0.016074268038151596,0,-0.022388059701492602,-4.864563891511242e-4,NA
2023-12-01,0.009220673343233399,0.004878193729386027,-0.0161191569409036,0.03167405000000012,0.014419451925138826,0.013206325949621345,0,0.06297709923664141,0.017713453871134766,0.015418938848738462
2024-01-01,-0.006672448453437174,0.0050146273168900635,-0.004557104121669653,0.033918287143760883,-3.10217961493775e-4,0.01469664304225482,0.0060975609756097615,-0.010771992818671472,-0.03827727129605929,NA
2024-02-01,NA,0.004907060252438589,0.02293601860605654,0,0.01146374780825421,0.017927245984405538,0,-0.05263157894736836,NA,NA
